{"v":"5.7.4","fr":30,"ip":0,"op":173,"w":500,"h":500,"nm":"Loader","ddd":0,"assets":[],"layers":[{"ddd":0,"ind":1,"ty":4,"nm":"Shape Layer 1","sr":1,"ks":{"o":{"a":0,"k":100,"ix":11},"r":{"a":0,"k":0,"ix":10},"p":{"a":0,"k":[229.5,273.75,0],"ix":2,"l":2},"a":{"a":0,"k":[-29.25,41.25,0],"ix":1,"l":2},"s":{"a":0,"k":[100,100,100],"ix":6,"l":2}},"ao":0,"shapes":[],"ip":0,"op":305,"st":0,"bm":0},{"ddd":0,"ind":2,"ty":3,"nm":"NULL CONTROL ","sr":1,"ks":{"o":{"a":0,"k":0,"ix":11},"r":{"a":1,"k":[{"i":{"x":[0.887],"y":[1]},"o":{"x":[0.134],"y":[0]},"t":0,"s":[-270]},{"i":{"x":[0.722],"y":[0.537]},"o":{"x":[0.811],"y":[0]},"t":114,"s":[-360]},{"i":{"x":[1],"y":[1]},"o":{"x":[0.419],"y":[0.9]},"t":154,"s":[-557.312]},{"t":173,"s":[-630]}],"ix":10},"p":{"a":0,"k":[250,250,0],"ix":2,"l":2},"a":{"a":0,"k":[50,50,0],"ix":1,"l":2},"s":{"a":0,"k":[100,100,100],"ix":6,"l":2}},"ao":0,"ip":0,"op":230,"st":0,"bm":0},{"ddd":0,"ind":3,"ty":4,"nm":"square","parent":2,"sr":1,"ks":{"o":{"a":0,"k":100,"ix":11},"r":{"a":0,"k":-450,"ix":10},"p":{"a":1,"k":[{"i":{"x":0.35,"y":1},"o":{"x":0.167,"y":0.167},"t":14,"s":[50,50,0],"to":[0,0,0],"ti":[0,0,0]},{"i":{"x":0.833,"y":0.833},"o":{"x":0.65,"y":0},"t":17,"s":[16,50,0],"to":[0,0,0],"ti":[0,0,0]},{"i":{"x":0.833,"y":0.833},"o":{"x":0.167,"y":0.167},"t":23,"s":[50,50,0],"to":[0,0,0],"ti":[0,0,0]},{"i":{"x":0.35,"y":1},"o":{"x":0.167,"y":0.167},"t":38,"s":[50,50,0],"to":[0,0,0],"ti":[0,0,0]},{"i":{"x":0.833,"y":0.833},"o":{"x":0.65,"y":0},"t":41,"s":[50,66,0],"to":[0,0,0],"ti":[0,0,0]},{"i":{"x":0.833,"y":0.833},"o":{"x":0.167,"y":0.167},"t":46,"s":[50,50,0],"to":[0,0,0],"ti":[0,0,0]},{"i":{"x":0.35,"y":1},"o":{"x":0.167,"y":0.167},"t":63,"s":[50,50,0],"to":[0,0,0],"ti":[0,0,0]},{"i":{"x":0.833,"y":0.833},"o":{"x":0.65,"y":0},"t":66,"s":[66,50,0],"to":[0,0,0],"ti":[0,0,0]},{"i":{"x":0.833,"y":0.833},"o":{"x":0.167,"y":0.167},"t":71,"s":[50,50,0],"to":[0,0,0],"ti":[0,0,0]},{"i":{"x":0.35,"y":1},"o":{"x":0.167,"y":0.167},"t":88,"s":[50,50,0],"to":[0,0,0],"ti":[0,0,0]},{"i":{"x":0.833,"y":0.833},"o":{"x":0.65,"y":0},"t":91,"s":[50,34,0],"to":[0,0,0],"ti":[0,0,0]},{"t":96,"s":[50,50,0]}],"ix":2,"l":2},"a":{"a":0,"k":[0,0,0],"ix":1,"l":2},"s":{"a":1,"k":[{"i":{"x":[0.833,0.833,0.833],"y":[0.833,0.833,0.833]},"o":{"x":[0.167,0.167,0.167],"y":[0.167,0.167,0.167]},"t":13,"s":[50,50,100]},{"i":{"x":[0.833,0.833,0.833],"y":[0.833,0.833,0.833]},"o":{"x":[0.167,0.167,0.167],"y":[0.167,0.167,0.167]},"t":15,"s":[53,53,100]},{"i":{"x":[0.833,0.833,0.833],"y":[0.833,0.833,0.833]},"o":{"x":[0.167,0.167,0.167],"y":[0.167,0.167,0.167]},"t":37,"s":[53,53,100]},{"i":{"x":[0.833,0.833,0.833],"y":[0.833,0.833,0.833]},"o":{"x":[0.167,0.167,0.167],"y":[0.167,0.167,0.167]},"t":39,"s":[58,58,100]},{"i":{"x":[0.833,0.833,0.833],"y":[0.833,0.833,0.833]},"o":{"x":[0.167,0.167,0.167],"y":[0.167,0.167,0.167]},"t":62,"s":[58,58,100]},{"i":{"x":[0.833,0.833,0.833],"y":[0.833,0.833,0.833]},"o":{"x":[0.167,0.167,0.167],"y":[0.167,0.167,0.167]},"t":64,"s":[64,64,100]},{"i":{"x":[0.833,0.833,0.833],"y":[0.833,0.833,0.833]},"o":{"x":[0.167,0.167,0.167],"y":[0.167,0.167,0.167]},"t":86,"s":[64,64,100]},{"i":{"x":[0.833,0.833,0.833],"y":[0.833,0.833,0.833]},"o":{"x":[0.167,0.167,0.167],"y":[0.167,0.167,0.167]},"t":90,"s":[68,68,100]},{"i":{"x":[0.833,0.833,0.833],"y":[0.833,0.833,0.833]},"o":{"x":[0.167,0.167,0.167],"y":[0.167,0.167,0.167]},"t":141,"s":[68,68,100]},{"t":147,"s":[50,50,100]}],"ix":6,"l":2}},"ao":0,"shapes":[{"ty":"gr","it":[{"ty":"rc","d":1,"s":{"a":0,"k":[175,175],"ix":2},"p":{"a":0,"k":[0,0],"ix":3},"r":{"a":0,"k":20,"ix":4},"nm":"Rectangle Path 1","mn":"ADBE Vector Shape - Rect","hd":false},{"ty":"fl","c":{"a":1,"k":[{"i":{"x":[0.833],"y":[0.833]},"o":{"x":[0.167],"y":[0.167]},"t":14,"s":[0.027450980392,0.23137254902,0.298039215686,1]},{"i":{"x":[0.833],"y":[0.833]},"o":{"x":[0.167],"y":[0.167]},"t":15,"s":[0.937254965305,0.278431385756,0.435294151306,1]},{"i":{"x":[0.833],"y":[0.833]},"o":{"x":[0.167],"y":[0.167]},"t":38,"s":[0.937254965305,0.278431385756,0.435294151306,1]},{"i":{"x":[0.833],"y":[0.833]},"o":{"x":[0.167],"y":[0.167]},"t":39,"s":[0.023529412225,0.839215695858,0.627451002598,1]},{"i":{"x":[0.833],"y":[0.833]},"o":{"x":[0.167],"y":[0.167]},"t":63,"s":[0.023529412225,0.839215695858,0.627451002598,1]},{"i":{"x":[0.833],"y":[0.833]},"o":{"x":[0.167],"y":[0.167]},"t":64,"s":[0.066666670144,0.541176497936,0.698039233685,1]},{"i":{"x":[0.833],"y":[0.833]},"o":{"x":[0.167],"y":[0.167]},"t":88,"s":[0.066666670144,0.541176497936,0.698039233685,1]},{"i":{"x":[0.833],"y":[0.833]},"o":{"x":[0.167],"y":[0.167]},"t":89,"s":[1,0.819607853889,0.40000000596,1]},{"i":{"x":[0.833],"y":[0.833]},"o":{"x":[0.167],"y":[0.167]},"t":142,"s":[1,0.819607853889,0.40000000596,1]},{"t":145,"s":[0.027450980392,0.23137254902,0.298039215686,1]}],"ix":4},"o":{"a":0,"k":100,"ix":5},"r":1,"bm":0,"nm":"Fill 1","mn":"ADBE Vector Graphic - Fill","hd":false},{"ty":"tr","p":{"a":0,"k":[0,-1],"ix":2},"a":{"a":0,"k":[0,0],"ix":1},"s":{"a":0,"k":[100,100],"ix":3},"r":{"a":0,"k":0,"ix":6},"o":{"a":0,"k":100,"ix":7},"sk":{"a":0,"k":0,"ix":4},"sa":{"a":0,"k":0,"ix":5},"nm":"Transform"}],"nm":"Rectangle 1","np":3,"cix":2,"bm":0,"ix":1,"mn":"ADBE Vector Group","hd":false}],"ip":0,"op":230,"st":0,"bm":0},{"ddd":0,"ind":4,"ty":4,"nm":"yellow 2","parent":2,"sr":1,"ks":{"o":{"a":0,"k":100,"ix":11},"r":{"a":0,"k":0,"ix":10},"p":{"a":0,"k":[50,50,0],"ix":2,"l":2},"a":{"a":0,"k":[0,0,0],"ix":1,"l":2},"s":{"a":0,"k":[100,100,100],"ix":6,"l":2}},"ao":0,"shapes":[{"ty":"gr","it":[{"ind":0,"ty":"sh","ix":1,"ks":{"a":0,"k":{"i":[[248.159,-145.416],[0,0]],"o":[[-226.131,132.508],[0,0]],"v":[[1,0],[1.206,139.127]],"c":false},"ix":2},"nm":"Path 1","mn":"ADBE Vector Shape - Group","hd":false},{"ty":"st","c":{"a":0,"k":[1,0.819607902976,0.400000029919,1],"ix":3},"o":{"a":0,"k":100,"ix":4},"w":{"a":1,"k":[{"i":{"x":[0.833],"y":[0.833]},"o":{"x":[0.167],"y":[0.167]},"t":156,"s":[30]},{"t":162,"s":[47]}],"ix":5},"lc":2,"lj":1,"ml":4,"bm":0,"nm":"Stroke 1","mn":"ADBE Vector Graphic - Stroke","hd":false},{"ty":"tr","p":{"a":0,"k":[0,0],"ix":2},"a":{"a":0,"k":[0,0],"ix":1},"s":{"a":0,"k":[100,100],"ix":3},"r":{"a":0,"k":0,"ix":6},"o":{"a":0,"k":100,"ix":7},"sk":{"a":0,"k":0,"ix":4},"sa":{"a":0,"k":0,"ix":5},"nm":"Transform"}],"nm":"Shape 1","np":2,"cix":2,"bm":0,"ix":1,"mn":"ADBE Vector Group","hd":false},{"ty":"tm","s":{"a":1,"k":[{"i":{"x":[0.35],"y":[1]},"o":{"x":[0.333],"y":[0]},"t":149.602,"s":[0]},{"i":{"x":[0.833],"y":[1]},"o":{"x":[0.65],"y":[0]},"t":155.665,"s":[99]},{"t":162,"s":[99.9]}],"ix":1},"e":{"a":1,"k":[{"i":{"x":[0.373],"y":[1]},"o":{"x":[0.237],"y":[0.222]},"t":147.329,"s":[1]},{"i":{"x":[0.833],"y":[1]},"o":{"x":[0.65],"y":[0]},"t":155.665,"s":[100]},{"t":162,"s":[100]}],"ix":2},"o":{"a":0,"k":0,"ix":3},"m":1,"ix":2,"nm":"Trim Paths 1","mn":"ADBE Vector Filter - Trim","hd":false}],"ip":113,"op":230,"st":75,"bm":0},{"ddd":0,"ind":5,"ty":4,"nm":"blue 2","parent":2,"sr":1,"ks":{"o":{"a":0,"k":100,"ix":11},"r":{"a":0,"k":-270,"ix":10},"p":{"a":0,"k":[50,50,0],"ix":2,"l":2},"a":{"a":0,"k":[0,0,0],"ix":1,"l":2},"s":{"a":0,"k":[100,100,100],"ix":6,"l":2}},"ao":0,"shapes":[{"ty":"gr","it":[{"ind":0,"ty":"sh","ix":1,"ks":{"a":0,"k":{"i":[[248.159,-145.416],[0,0]],"o":[[-226.131,132.508],[0,0]],"v":[[1,0],[1.206,139.127]],"c":false},"ix":2},"nm":"Path 1","mn":"ADBE Vector Shape - Group","hd":false},{"ty":"st","c":{"a":0,"k":[0.066666666667,0.541176470588,0.698039215686,1],"ix":3},"o":{"a":0,"k":100,"ix":4},"w":{"a":1,"k":[{"i":{"x":[0.833],"y":[0.833]},"o":{"x":[0.167],"y":[0.167]},"t":153,"s":[30]},{"t":159,"s":[47]}],"ix":5},"lc":2,"lj":1,"ml":4,"bm":0,"nm":"Stroke 1","mn":"ADBE Vector Graphic - Stroke","hd":false},{"ty":"tr","p":{"a":0,"k":[0,0],"ix":2},"a":{"a":0,"k":[0,0],"ix":1},"s":{"a":0,"k":[100,100],"ix":3},"r":{"a":0,"k":0,"ix":6},"o":{"a":0,"k":100,"ix":7},"sk":{"a":0,"k":0,"ix":4},"sa":{"a":0,"k":0,"ix":5},"nm":"Transform"}],"nm":"Shape 1","np":2,"cix":2,"bm":0,"ix":1,"mn":"ADBE Vector Group","hd":false},{"ty":"tm","s":{"a":1,"k":[{"i":{"x":[0.35],"y":[1]},"o":{"x":[0.333],"y":[0]},"t":146.875,"s":[0]},{"i":{"x":[0.833],"y":[1]},"o":{"x":[0.65],"y":[0]},"t":152.938,"s":[99]},{"t":159,"s":[99.9]}],"ix":1},"e":{"a":1,"k":[{"i":{"x":[0.373],"y":[1]},"o":{"x":[0.237],"y":[0.222]},"t":144.602,"s":[1]},{"i":{"x":[0.833],"y":[1]},"o":{"x":[0.65],"y":[0]},"t":152.938,"s":[100]},{"t":159,"s":[100]}],"ix":2},"o":{"a":0,"k":0,"ix":3},"m":1,"ix":2,"nm":"Trim Paths 1","mn":"ADBE Vector Filter - Trim","hd":false}],"ip":113,"op":205,"st":50,"bm":0},{"ddd":0,"ind":6,"ty":4,"nm":"green 2","parent":2,"sr":1,"ks":{"o":{"a":0,"k":100,"ix":11},"r":{"a":0,"k":-180,"ix":10},"p":{"a":0,"k":[50,50,0],"ix":2,"l":2},"a":{"a":0,"k":[0,0,0],"ix":1,"l":2},"s":{"a":0,"k":[100,100,100],"ix":6,"l":2}},"ao":0,"shapes":[{"ty":"gr","it":[{"ind":0,"ty":"sh","ix":1,"ks":{"a":0,"k":{"i":[[248.159,-145.416],[0,0]],"o":[[-226.131,132.508],[0,0]],"v":[[1,0],[1.206,139.127]],"c":false},"ix":2},"nm":"Path 1","mn":"ADBE Vector Shape - Group","hd":false},{"ty":"st","c":{"a":0,"k":[0.023529413635,0.839215746113,0.627450980392,1],"ix":3},"o":{"a":0,"k":100,"ix":4},"w":{"a":1,"k":[{"i":{"x":[0.833],"y":[0.833]},"o":{"x":[0.167],"y":[0.167]},"t":150,"s":[30]},{"t":156,"s":[47]}],"ix":5},"lc":2,"lj":1,"ml":4,"bm":0,"nm":"Stroke 1","mn":"ADBE Vector Graphic - Stroke","hd":false},{"ty":"tr","p":{"a":0,"k":[0,0],"ix":2},"a":{"a":0,"k":[0,0],"ix":1},"s":{"a":0,"k":[100,100],"ix":3},"r":{"a":0,"k":0,"ix":6},"o":{"a":0,"k":100,"ix":7},"sk":{"a":0,"k":0,"ix":4},"sa":{"a":0,"k":0,"ix":5},"nm":"Transform"}],"nm":"Shape 1","np":2,"cix":2,"bm":0,"ix":1,"mn":"ADBE Vector Group","hd":false},{"ty":"tm","s":{"a":1,"k":[{"i":{"x":[0.35],"y":[1]},"o":{"x":[0.333],"y":[0]},"t":143.874,"s":[0]},{"i":{"x":[0.833],"y":[1]},"o":{"x":[0.65],"y":[0]},"t":149.937,"s":[99]},{"t":156,"s":[99.9]}],"ix":1},"e":{"a":1,"k":[{"i":{"x":[0.373],"y":[1]},"o":{"x":[0.237],"y":[0.222]},"t":141.602,"s":[1]},{"i":{"x":[0.833],"y":[1]},"o":{"x":[0.65],"y":[0]},"t":149.937,"s":[100]},{"t":156,"s":[100]}],"ix":2},"o":{"a":0,"k":0,"ix":3},"m":1,"ix":2,"nm":"Trim Paths 1","mn":"ADBE Vector Filter - Trim","hd":false}],"ip":113,"op":180,"st":25,"bm":0},{"ddd":0,"ind":7,"ty":4,"nm":"red 2","parent":2,"sr":1,"ks":{"o":{"a":0,"k":100,"ix":11},"r":{"a":0,"k":-90,"ix":10},"p":{"a":0,"k":[50,50,0],"ix":2,"l":2},"a":{"a":0,"k":[0,0,0],"ix":1,"l":2},"s":{"a":0,"k":[100,100,100],"ix":6,"l":2}},"ao":0,"shapes":[{"ty":"gr","it":[{"ind":0,"ty":"sh","ix":1,"ks":{"a":0,"k":{"i":[[248.159,-145.416],[0,0]],"o":[[-226.131,132.508],[0,0]],"v":[[1,0],[1.206,139.127]],"c":false},"ix":2},"nm":"Path 1","mn":"ADBE Vector Shape - Group","hd":false},{"ty":"st","c":{"a":0,"k":[0.937254961799,0.278431372549,0.435294147566,1],"ix":3},"o":{"a":0,"k":100,"ix":4},"w":{"a":1,"k":[{"i":{"x":[0.833],"y":[0.833]},"o":{"x":[0.167],"y":[0.167]},"t":158,"s":[30]},{"t":164,"s":[47]}],"ix":5},"lc":2,"lj":1,"ml":4,"bm":0,"nm":"Stroke 1","mn":"ADBE Vector Graphic - Stroke","hd":false},{"ty":"tr","p":{"a":0,"k":[0,0],"ix":2},"a":{"a":0,"k":[0,0],"ix":1},"s":{"a":0,"k":[100,100],"ix":3},"r":{"a":0,"k":0,"ix":6},"o":{"a":0,"k":100,"ix":7},"sk":{"a":0,"k":0,"ix":4},"sa":{"a":0,"k":0,"ix":5},"nm":"Transform"}],"nm":"Shape 1","np":2,"cix":2,"bm":0,"ix":1,"mn":"ADBE Vector Group","hd":false},{"ty":"tm","s":{"a":1,"k":[{"i":{"x":[0.35],"y":[1]},"o":{"x":[0.333],"y":[0]},"t":151.876,"s":[0]},{"i":{"x":[0.833],"y":[1]},"o":{"x":[0.65],"y":[0]},"t":157.938,"s":[99]},{"t":164,"s":[99.9]}],"ix":1},"e":{"a":1,"k":[{"i":{"x":[0.373],"y":[1]},"o":{"x":[0.237],"y":[0.222]},"t":149.602,"s":[1]},{"i":{"x":[0.833],"y":[1]},"o":{"x":[0.65],"y":[0]},"t":157.938,"s":[100]},{"t":164,"s":[100]}],"ix":2},"o":{"a":0,"k":0,"ix":3},"m":1,"ix":2,"nm":"Trim Paths 1","mn":"ADBE Vector Filter - Trim","hd":false}],"ip":113,"op":180,"st":1,"bm":0},{"ddd":0,"ind":8,"ty":4,"nm":"yellow","parent":2,"sr":1,"ks":{"o":{"a":0,"k":100,"ix":11},"r":{"a":0,"k":0,"ix":10},"p":{"a":0,"k":[50,50,0],"ix":2,"l":2},"a":{"a":0,"k":[0,0,0],"ix":1,"l":2},"s":{"a":0,"k":[100,100,100],"ix":6,"l":2}},"ao":0,"shapes":[{"ty":"gr","it":[{"ind":0,"ty":"sh","ix":1,"ks":{"a":0,"k":{"i":[[0,0],[0,0]],"o":[[0,0],[0,0]],"v":[[1,0],[1,154]],"c":false},"ix":2},"nm":"Path 1","mn":"ADBE Vector Shape - Group","hd":false},{"ty":"st","c":{"a":0,"k":[1,0.819607902976,0.400000029919,1],"ix":3},"o":{"a":0,"k":100,"ix":4},"w":{"a":0,"k":47,"ix":5},"lc":2,"lj":1,"ml":4,"bm":0,"nm":"Stroke 1","mn":"ADBE Vector Graphic - Stroke","hd":false},{"ty":"fl","c":{"a":0,"k":[0.027450980392,0.23137254902,0.298039215686,1],"ix":4},"o":{"a":0,"k":100,"ix":5},"r":1,"bm":0,"nm":"Fill 1","mn":"ADBE Vector Graphic - Fill","hd":false},{"ty":"tr","p":{"a":0,"k":[0,0],"ix":2},"a":{"a":0,"k":[0,0],"ix":1},"s":{"a":1,"k":[{"i":{"x":[0.35,0.35],"y":[1,1]},"o":{"x":[0.167,0.167],"y":[0.167,0]},"t":78,"s":[100,100]},{"i":{"x":[0.833,0.833],"y":[0.833,0.833]},"o":{"x":[0.65,0.65],"y":[0,0]},"t":84.5,"s":[110,100]},{"t":88,"s":[56,110],"h":1},{"i":{"x":[0.35,0.35],"y":[1,1]},"o":{"x":[0.167,0.167],"y":[0.167,0.167]},"t":140,"s":[75,110]},{"i":{"x":[0.833,0.833],"y":[0.833,1]},"o":{"x":[0.65,0.65],"y":[0,0]},"t":143.398,"s":[110,100]},{"t":149.4609375,"s":[100,100]}],"ix":3},"r":{"a":0,"k":0,"ix":6},"o":{"a":0,"k":100,"ix":7},"sk":{"a":0,"k":0,"ix":4},"sa":{"a":0,"k":0,"ix":5},"nm":"Transform"}],"nm":"Shape 1","np":3,"cix":2,"bm":0,"ix":1,"mn":"ADBE Vector Group","hd":false},{"ty":"tm","s":{"a":1,"k":[{"i":{"x":[0.35],"y":[1]},"o":{"x":[0.167],"y":[0]},"t":78,"s":[90]},{"i":{"x":[0.667],"y":[1]},"o":{"x":[0.65],"y":[0]},"t":84.5,"s":[99]},{"t":91,"s":[0],"h":1},{"i":{"x":[0.35],"y":[1]},"o":{"x":[0.333],"y":[0]},"t":137.335,"s":[0]},{"i":{"x":[0.833],"y":[1]},"o":{"x":[0.65],"y":[0]},"t":143.398,"s":[99]},{"t":149.4609375,"s":[90]}],"ix":1},"e":{"a":1,"k":[{"i":{"x":[0.35],"y":[1]},"o":{"x":[0.167],"y":[0]},"t":78,"s":[91]},{"i":{"x":[0.763],"y":[0.808]},"o":{"x":[0.627],"y":[0]},"t":84.5,"s":[100]},{"t":94,"s":[1],"h":1},{"i":{"x":[0.373],"y":[1]},"o":{"x":[0.237],"y":[0.222]},"t":135.063,"s":[1]},{"i":{"x":[0.833],"y":[1]},"o":{"x":[0.65],"y":[0]},"t":143.398,"s":[100]},{"t":149.4609375,"s":[91]}],"ix":2},"o":{"a":0,"k":0,"ix":3},"m":1,"ix":2,"nm":"Trim Paths 1","mn":"ADBE Vector Filter - Trim","hd":false},{"ty":"gr","it":[{"d":1,"ty":"el","s":{"a":1,"k":[{"i":{"x":[0.833,0.833],"y":[0.833,0.833]},"o":{"x":[0.167,0.167],"y":[0.167,0.167]},"t":88,"s":[0,0]},{"i":{"x":[0.4,0.4],"y":[1,1]},"o":{"x":[0.167,0.167],"y":[0.167,0.167]},"t":90,"s":[22.5,22.5]},{"t":107,"s":[0,0]}],"ix":2},"p":{"a":1,"k":[{"i":{"x":0.4,"y":1},"o":{"x":0.167,"y":0.167},"t":90,"s":[38,26],"to":[0,0],"ti":[0,0]},{"t":107,"s":[89,88]}],"ix":3},"nm":"Ellipse Path 1","mn":"ADBE Vector Shape - Ellipse","hd":false},{"ty":"fl","c":{"a":0,"k":[1,0.819607913494,0.400000035763,1],"ix":4},"o":{"a":0,"k":100,"ix":5},"r":1,"bm":0,"nm":"Fill 1","mn":"ADBE Vector Graphic - Fill","hd":false},{"ty":"tr","p":{"a":0,"k":[-14.5,17.25],"ix":2},"a":{"a":0,"k":[0,0],"ix":1},"s":{"a":0,"k":[100,100],"ix":3},"r":{"a":0,"k":0,"ix":6},"o":{"a":0,"k":100,"ix":7},"sk":{"a":0,"k":0,"ix":4},"sa":{"a":0,"k":0,"ix":5},"nm":"Transform"}],"nm":"Ellipse 3","np":2,"cix":2,"bm":0,"ix":3,"mn":"ADBE Vector Group","hd":false},{"ty":"gr","it":[{"d":1,"ty":"el","s":{"a":1,"k":[{"i":{"x":[0.833,0.833],"y":[0.833,0.833]},"o":{"x":[0.167,0.167],"y":[0.167,0.167]},"t":88,"s":[0,0]},{"i":{"x":[0.4,0.4],"y":[1,1]},"o":{"x":[0.167,0.167],"y":[0.167,0.167]},"t":90,"s":[22.5,22.5]},{"t":111,"s":[0,0]}],"ix":2},"p":{"a":1,"k":[{"i":{"x":0.4,"y":1},"o":{"x":0.167,"y":0.167},"t":90,"s":[29,24],"to":[0,0],"ti":[0,0]},{"t":111,"s":[51,93]}],"ix":3},"nm":"Ellipse Path 1","mn":"ADBE Vector Shape - Ellipse","hd":false},{"ty":"fl","c":{"a":0,"k":[1,0.819607913494,0.400000035763,1],"ix":4},"o":{"a":0,"k":100,"ix":5},"r":1,"bm":0,"nm":"Fill 1","mn":"ADBE Vector Graphic - Fill","hd":false},{"ty":"tr","p":{"a":0,"k":[-14.5,17.25],"ix":2},"a":{"a":0,"k":[0,0],"ix":1},"s":{"a":0,"k":[100,100],"ix":3},"r":{"a":0,"k":0,"ix":6},"o":{"a":0,"k":100,"ix":7},"sk":{"a":0,"k":0,"ix":4},"sa":{"a":0,"k":0,"ix":5},"nm":"Transform"}],"nm":"Ellipse 2","np":2,"cix":2,"bm":0,"ix":4,"mn":"ADBE Vector Group","hd":false},{"ty":"gr","it":[{"d":1,"ty":"el","s":{"a":1,"k":[{"i":{"x":[0.833,0.833],"y":[0.833,0.833]},"o":{"x":[0.167,0.167],"y":[0.167,0.167]},"t":88,"s":[0,0]},{"i":{"x":[0.4,0.4],"y":[1,1]},"o":{"x":[0.167,0.167],"y":[0.167,0.167]},"t":90,"s":[14.5,14.5]},{"t":112,"s":[0,0]}],"ix":2},"p":{"a":1,"k":[{"i":{"x":0.4,"y":1},"o":{"x":0.167,"y":0.167},"t":90,"s":[0,17],"to":[0,0],"ti":[0,0]},{"t":112,"s":[-18,85]}],"ix":3},"nm":"Ellipse Path 1","mn":"ADBE Vector Shape - Ellipse","hd":false},{"ty":"st","c":{"a":0,"k":[1,0.819607902976,0.400000029919,1],"ix":3},"o":{"a":0,"k":100,"ix":4},"w":{"a":0,"k":3,"ix":5},"lc":1,"lj":1,"ml":4,"bm":0,"nm":"Stroke 1","mn":"ADBE Vector Graphic - Stroke","hd":false},{"ty":"tr","p":{"a":0,"k":[-14.5,17.25],"ix":2},"a":{"a":0,"k":[0,0],"ix":1},"s":{"a":0,"k":[100,100],"ix":3},"r":{"a":0,"k":0,"ix":6},"o":{"a":0,"k":100,"ix":7},"sk":{"a":0,"k":0,"ix":4},"sa":{"a":0,"k":0,"ix":5},"nm":"Transform"}],"nm":"Ellipse 1","np":2,"cix":2,"bm":0,"ix":5,"mn":"ADBE Vector Group","hd":false}],"ip":-58,"op":113,"st":75,"bm":0},{"ddd":0,"ind":9,"ty":4,"nm":"blue","parent":2,"sr":1,"ks":{"o":{"a":0,"k":100,"ix":11},"r":{"a":0,"k":-270,"ix":10},"p":{"a":0,"k":[50,50,0],"ix":2,"l":2},"a":{"a":0,"k":[0,0,0],"ix":1,"l":2},"s":{"a":0,"k":[100,100,100],"ix":6,"l":2}},"ao":0,"shapes":[{"ty":"gr","it":[{"ind":0,"ty":"sh","ix":1,"ks":{"a":0,"k":{"i":[[0,0],[0,0]],"o":[[0,0],[0,0]],"v":[[1,0],[1,154]],"c":false},"ix":2},"nm":"Path 1","mn":"ADBE Vector Shape - Group","hd":false},{"ty":"st","c":{"a":0,"k":[0.066666666667,0.541176470588,0.698039215686,1],"ix":3},"o":{"a":0,"k":100,"ix":4},"w":{"a":0,"k":47,"ix":5},"lc":2,"lj":1,"ml":4,"bm":0,"nm":"Stroke 1","mn":"ADBE Vector Graphic - Stroke","hd":false},{"ty":"fl","c":{"a":0,"k":[0.027450980392,0.23137254902,0.298039215686,1],"ix":4},"o":{"a":0,"k":100,"ix":5},"r":1,"bm":0,"nm":"Fill 1","mn":"ADBE Vector Graphic - Fill","hd":false},{"ty":"tr","p":{"a":0,"k":[0,0],"ix":2},"a":{"a":0,"k":[0,0],"ix":1},"s":{"a":1,"k":[{"i":{"x":[0.35,0.35],"y":[1,1]},"o":{"x":[0.167,0.167],"y":[0.167,0]},"t":53,"s":[100,100]},{"i":{"x":[0.833,0.833],"y":[0.833,0.833]},"o":{"x":[0.65,0.65],"y":[0,0]},"t":59.5,"s":[110,100]},{"t":63,"s":[56,110],"h":1},{"i":{"x":[0.35,0.35],"y":[1,1]},"o":{"x":[0.167,0.167],"y":[0.167,0.167]},"t":135.819,"s":[75,110]},{"i":{"x":[0.833,0.833],"y":[0.833,1]},"o":{"x":[0.65,0.65],"y":[0,0]},"t":138.852,"s":[110,100]},{"t":144.9140625,"s":[100,100]}],"ix":3},"r":{"a":0,"k":0,"ix":6},"o":{"a":0,"k":100,"ix":7},"sk":{"a":0,"k":0,"ix":4},"sa":{"a":0,"k":0,"ix":5},"nm":"Transform"}],"nm":"Shape 1","np":3,"cix":2,"bm":0,"ix":1,"mn":"ADBE Vector Group","hd":false},{"ty":"tm","s":{"a":1,"k":[{"i":{"x":[0.35],"y":[1]},"o":{"x":[0.167],"y":[0]},"t":53,"s":[90]},{"i":{"x":[0.667],"y":[1]},"o":{"x":[0.65],"y":[0]},"t":59.5,"s":[99]},{"t":66,"s":[0],"h":1},{"i":{"x":[0.35],"y":[1]},"o":{"x":[0.333],"y":[0]},"t":132.789,"s":[0]},{"i":{"x":[0.833],"y":[1]},"o":{"x":[0.65],"y":[0]},"t":138.852,"s":[99]},{"t":144.9140625,"s":[90]}],"ix":1},"e":{"a":1,"k":[{"i":{"x":[0.35],"y":[1]},"o":{"x":[0.167],"y":[0]},"t":53,"s":[91]},{"i":{"x":[0.763],"y":[0.808]},"o":{"x":[0.627],"y":[0]},"t":59.5,"s":[100]},{"t":69,"s":[1],"h":1},{"i":{"x":[0.373],"y":[1]},"o":{"x":[0.237],"y":[0.222]},"t":130.516,"s":[1]},{"i":{"x":[0.833],"y":[1]},"o":{"x":[0.65],"y":[0]},"t":138.852,"s":[100]},{"t":144.9140625,"s":[91]}],"ix":2},"o":{"a":0,"k":0,"ix":3},"m":1,"ix":2,"nm":"Trim Paths 1","mn":"ADBE Vector Filter - Trim","hd":false},{"ty":"gr","it":[{"d":1,"ty":"el","s":{"a":1,"k":[{"i":{"x":[0.833,0.833],"y":[0.833,0.833]},"o":{"x":[0.167,0.167],"y":[0.167,0.167]},"t":63,"s":[0,0]},{"i":{"x":[0.4,0.4],"y":[1,1]},"o":{"x":[0.167,0.167],"y":[0.167,0.167]},"t":65,"s":[22.5,22.5]},{"t":82,"s":[0,0]}],"ix":2},"p":{"a":1,"k":[{"i":{"x":0.4,"y":1},"o":{"x":0.167,"y":0.167},"t":65,"s":[29,0],"to":[0,0],"ti":[0,0]},{"t":82,"s":[-7,98]}],"ix":3},"nm":"Ellipse Path 1","mn":"ADBE Vector Shape - Ellipse","hd":false},{"ty":"fl","c":{"a":0,"k":[0.066666670144,0.541176497936,0.698039233685,1],"ix":4},"o":{"a":0,"k":100,"ix":5},"r":1,"bm":0,"nm":"Fill 1","mn":"ADBE Vector Graphic - Fill","hd":false},{"ty":"tr","p":{"a":0,"k":[-14.5,17.25],"ix":2},"a":{"a":0,"k":[0,0],"ix":1},"s":{"a":0,"k":[100,100],"ix":3},"r":{"a":0,"k":0,"ix":6},"o":{"a":0,"k":100,"ix":7},"sk":{"a":0,"k":0,"ix":4},"sa":{"a":0,"k":0,"ix":5},"nm":"Transform"}],"nm":"Ellipse 3","np":2,"cix":2,"bm":0,"ix":3,"mn":"ADBE Vector Group","hd":false},{"ty":"gr","it":[{"d":1,"ty":"el","s":{"a":1,"k":[{"i":{"x":[0.833,0.833],"y":[0.833,0.833]},"o":{"x":[0.167,0.167],"y":[0.167,0.167]},"t":63,"s":[0,0]},{"i":{"x":[0.4,0.4],"y":[1,1]},"o":{"x":[0.167,0.167],"y":[0.167,0.167]},"t":65,"s":[22.5,22.5]},{"t":86,"s":[0,0]}],"ix":2},"p":{"a":1,"k":[{"i":{"x":0.4,"y":1},"o":{"x":0.167,"y":0.167},"t":65,"s":[29,0],"to":[0,0],"ti":[0,0]},{"t":86,"s":[66,82]}],"ix":3},"nm":"Ellipse Path 1","mn":"ADBE Vector Shape - Ellipse","hd":false},{"ty":"fl","c":{"a":0,"k":[0.066666670144,0.541176497936,0.698039233685,1],"ix":4},"o":{"a":0,"k":100,"ix":5},"r":1,"bm":0,"nm":"Fill 1","mn":"ADBE Vector Graphic - Fill","hd":false},{"ty":"tr","p":{"a":0,"k":[-14.5,17.25],"ix":2},"a":{"a":0,"k":[0,0],"ix":1},"s":{"a":0,"k":[100,100],"ix":3},"r":{"a":0,"k":0,"ix":6},"o":{"a":0,"k":100,"ix":7},"sk":{"a":0,"k":0,"ix":4},"sa":{"a":0,"k":0,"ix":5},"nm":"Transform"}],"nm":"Ellipse 2","np":2,"cix":2,"bm":0,"ix":4,"mn":"ADBE Vector Group","hd":false},{"ty":"gr","it":[{"d":1,"ty":"el","s":{"a":1,"k":[{"i":{"x":[0.833,0.833],"y":[0.833,0.833]},"o":{"x":[0.167,0.167],"y":[0.167,0.167]},"t":63,"s":[0,0]},{"i":{"x":[0.4,0.4],"y":[1,1]},"o":{"x":[0.167,0.167],"y":[0.167,0.167]},"t":65,"s":[14.5,14.5]},{"t":87,"s":[0,0]}],"ix":2},"p":{"a":1,"k":[{"i":{"x":0.4,"y":1},"o":{"x":0.167,"y":0.167},"t":65,"s":[0,0],"to":[0,0],"ti":[0,0]},{"t":87,"s":[-39,67]}],"ix":3},"nm":"Ellipse Path 1","mn":"ADBE Vector Shape - Ellipse","hd":false},{"ty":"st","c":{"a":0,"k":[0.066666670144,0.541176497936,0.698039233685,1],"ix":3},"o":{"a":0,"k":100,"ix":4},"w":{"a":0,"k":3,"ix":5},"lc":1,"lj":1,"ml":4,"bm":0,"nm":"Stroke 1","mn":"ADBE Vector Graphic - Stroke","hd":false},{"ty":"tr","p":{"a":0,"k":[-14.5,17.25],"ix":2},"a":{"a":0,"k":[0,0],"ix":1},"s":{"a":0,"k":[100,100],"ix":3},"r":{"a":0,"k":0,"ix":6},"o":{"a":0,"k":100,"ix":7},"sk":{"a":0,"k":0,"ix":4},"sa":{"a":0,"k":0,"ix":5},"nm":"Transform"}],"nm":"Ellipse 1","np":2,"cix":2,"bm":0,"ix":5,"mn":"ADBE Vector Group","hd":false}],"ip":-32,"op":113,"st":50,"bm":0},{"ddd":0,"ind":10,"ty":4,"nm":"green","parent":2,"sr":1,"ks":{"o":{"a":0,"k":100,"ix":11},"r":{"a":0,"k":-180,"ix":10},"p":{"a":0,"k":[50,50,0],"ix":2,"l":2},"a":{"a":0,"k":[0,0,0],"ix":1,"l":2},"s":{"a":0,"k":[100,100,100],"ix":6,"l":2}},"ao":0,"shapes":[{"ty":"gr","it":[{"ind":0,"ty":"sh","ix":1,"ks":{"a":0,"k":{"i":[[0,0],[0,0]],"o":[[0,0],[0,0]],"v":[[1,0],[1,154]],"c":false},"ix":2},"nm":"Path 1","mn":"ADBE Vector Shape - Group","hd":false},{"ty":"st","c":{"a":0,"k":[0.023529413635,0.839215746113,0.627450980392,1],"ix":3},"o":{"a":0,"k":100,"ix":4},"w":{"a":0,"k":47,"ix":5},"lc":2,"lj":1,"ml":4,"bm":0,"nm":"Stroke 1","mn":"ADBE Vector Graphic - Stroke","hd":false},{"ty":"fl","c":{"a":0,"k":[0.027450980392,0.23137254902,0.298039215686,1],"ix":4},"o":{"a":0,"k":100,"ix":5},"r":1,"bm":0,"nm":"Fill 1","mn":"ADBE Vector Graphic - Fill","hd":false},{"ty":"tr","p":{"a":0,"k":[0,0],"ix":2},"a":{"a":0,"k":[0,0],"ix":1},"s":{"a":1,"k":[{"i":{"x":[0.35,0.35],"y":[1,1]},"o":{"x":[0.167,0.167],"y":[0.167,0]},"t":29,"s":[100,100]},{"i":{"x":[0.833,0.833],"y":[0.833,0.833]},"o":{"x":[0.65,0.65],"y":[0,0]},"t":35,"s":[110,100]},{"t":38,"s":[56,110],"h":1},{"i":{"x":[0.35,0.35],"y":[1,1]},"o":{"x":[0.167,0.167],"y":[0.167,0.167]},"t":134.305,"s":[75,110]},{"i":{"x":[0.833,0.833],"y":[0.833,1]},"o":{"x":[0.65,0.65],"y":[0,0]},"t":137.335,"s":[110,100]},{"t":143.3984375,"s":[100,100]}],"ix":3},"r":{"a":0,"k":0,"ix":6},"o":{"a":0,"k":100,"ix":7},"sk":{"a":0,"k":0,"ix":4},"sa":{"a":0,"k":0,"ix":5},"nm":"Transform"}],"nm":"Shape 1","np":3,"cix":2,"bm":0,"ix":1,"mn":"ADBE Vector Group","hd":false},{"ty":"tm","s":{"a":1,"k":[{"i":{"x":[0.35],"y":[1]},"o":{"x":[0.167],"y":[0]},"t":29,"s":[90]},{"i":{"x":[0.667],"y":[1]},"o":{"x":[0.65],"y":[0]},"t":35,"s":[99]},{"t":41,"s":[0],"h":1},{"i":{"x":[0.35],"y":[1]},"o":{"x":[0.333],"y":[0]},"t":131.272,"s":[0]},{"i":{"x":[0.833],"y":[1]},"o":{"x":[0.65],"y":[0]},"t":137.335,"s":[99]},{"t":143.3984375,"s":[90]}],"ix":1},"e":{"a":1,"k":[{"i":{"x":[0.35],"y":[1]},"o":{"x":[0.167],"y":[0]},"t":29,"s":[91]},{"i":{"x":[0.763],"y":[0.818]},"o":{"x":[0.627],"y":[0]},"t":35,"s":[100]},{"t":44,"s":[1],"h":1},{"i":{"x":[0.373],"y":[1]},"o":{"x":[0.237],"y":[0.222]},"t":129,"s":[1]},{"i":{"x":[0.833],"y":[1]},"o":{"x":[0.65],"y":[0]},"t":137.335,"s":[100]},{"t":143.3984375,"s":[91]}],"ix":2},"o":{"a":0,"k":0,"ix":3},"m":1,"ix":2,"nm":"Trim Paths 1","mn":"ADBE Vector Filter - Trim","hd":false},{"ty":"gr","it":[{"d":1,"ty":"el","s":{"a":1,"k":[{"i":{"x":[0.833,0.833],"y":[0.833,0.833]},"o":{"x":[0.167,0.167],"y":[0.167,0.167]},"t":40,"s":[0,0]},{"i":{"x":[0.4,0.4],"y":[1,1]},"o":{"x":[0.167,0.167],"y":[0.167,0.167]},"t":42,"s":[22.5,22.5]},{"t":56,"s":[0,0]}],"ix":2},"p":{"a":1,"k":[{"i":{"x":0.4,"y":1},"o":{"x":0.167,"y":0.167},"t":42,"s":[29,0],"to":[0,0],"ti":[0,0]},{"t":56,"s":[93,74]}],"ix":3},"nm":"Ellipse Path 1","mn":"ADBE Vector Shape - Ellipse","hd":false},{"ty":"fl","c":{"a":0,"k":[0.023529414088,0.839215755463,0.627451002598,1],"ix":4},"o":{"a":0,"k":100,"ix":5},"r":1,"bm":0,"nm":"Fill 1","mn":"ADBE Vector Graphic - Fill","hd":false},{"ty":"tr","p":{"a":0,"k":[-14.5,17.25],"ix":2},"a":{"a":0,"k":[0,0],"ix":1},"s":{"a":0,"k":[100,100],"ix":3},"r":{"a":0,"k":0,"ix":6},"o":{"a":0,"k":100,"ix":7},"sk":{"a":0,"k":0,"ix":4},"sa":{"a":0,"k":0,"ix":5},"nm":"Transform"}],"nm":"Ellipse 3","np":2,"cix":2,"bm":0,"ix":3,"mn":"ADBE Vector Group","hd":false},{"ty":"gr","it":[{"d":1,"ty":"el","s":{"a":1,"k":[{"i":{"x":[0.833,0.833],"y":[0.833,0.833]},"o":{"x":[0.167,0.167],"y":[0.167,0.167]},"t":40,"s":[0,0]},{"i":{"x":[0.4,0.4],"y":[1,1]},"o":{"x":[0.167,0.167],"y":[0.167,0.167]},"t":42,"s":[22.5,22.5]},{"t":60,"s":[0,0]}],"ix":2},"p":{"a":1,"k":[{"i":{"x":0.4,"y":1},"o":{"x":0.167,"y":0.167},"t":42,"s":[29,0],"to":[0,0],"ti":[0,0]},{"t":60,"s":[41,95]}],"ix":3},"nm":"Ellipse Path 1","mn":"ADBE Vector Shape - Ellipse","hd":false},{"ty":"fl","c":{"a":0,"k":[0.023529414088,0.839215755463,0.627451002598,1],"ix":4},"o":{"a":0,"k":100,"ix":5},"r":1,"bm":0,"nm":"Fill 1","mn":"ADBE Vector Graphic - Fill","hd":false},{"ty":"tr","p":{"a":0,"k":[-14.5,17.25],"ix":2},"a":{"a":0,"k":[0,0],"ix":1},"s":{"a":0,"k":[100,100],"ix":3},"r":{"a":0,"k":0,"ix":6},"o":{"a":0,"k":100,"ix":7},"sk":{"a":0,"k":0,"ix":4},"sa":{"a":0,"k":0,"ix":5},"nm":"Transform"}],"nm":"Ellipse 2","np":2,"cix":2,"bm":0,"ix":4,"mn":"ADBE Vector Group","hd":false},{"ty":"gr","it":[{"d":1,"ty":"el","s":{"a":1,"k":[{"i":{"x":[0.833,0.833],"y":[0.833,0.833]},"o":{"x":[0.167,0.167],"y":[0.167,0.167]},"t":40,"s":[0,0]},{"i":{"x":[0.4,0.4],"y":[1,1]},"o":{"x":[0.167,0.167],"y":[0.167,0.167]},"t":42,"s":[14.5,14.5]},{"t":61,"s":[0,0]}],"ix":2},"p":{"a":1,"k":[{"i":{"x":0.4,"y":1},"o":{"x":0.167,"y":0.167},"t":42,"s":[0,0],"to":[0,0],"ti":[0,0]},{"t":61,"s":[-34,74]}],"ix":3},"nm":"Ellipse Path 1","mn":"ADBE Vector Shape - Ellipse","hd":false},{"ty":"st","c":{"a":0,"k":[0.023529414088,0.839215755463,0.627451002598,1],"ix":3},"o":{"a":0,"k":100,"ix":4},"w":{"a":0,"k":3,"ix":5},"lc":1,"lj":1,"ml":4,"bm":0,"nm":"Stroke 1","mn":"ADBE Vector Graphic - Stroke","hd":false},{"ty":"tr","p":{"a":0,"k":[-14.5,17.25],"ix":2},"a":{"a":0,"k":[0,0],"ix":1},"s":{"a":0,"k":[100,100],"ix":3},"r":{"a":0,"k":0,"ix":6},"o":{"a":0,"k":100,"ix":7},"sk":{"a":0,"k":0,"ix":4},"sa":{"a":0,"k":0,"ix":5},"nm":"Transform"}],"nm":"Ellipse 1","np":2,"cix":2,"bm":0,"ix":5,"mn":"ADBE Vector Group","hd":false}],"ip":-39,"op":113,"st":25,"bm":0},{"ddd":0,"ind":11,"ty":4,"nm":"red","parent":2,"sr":1,"ks":{"o":{"a":0,"k":100,"ix":11},"r":{"a":0,"k":-90,"ix":10},"p":{"a":0,"k":[50,50,0],"ix":2,"l":2},"a":{"a":0,"k":[0,0,0],"ix":1,"l":2},"s":{"a":0,"k":[100,100,100],"ix":6,"l":2}},"ao":0,"shapes":[{"ty":"gr","it":[{"ind":0,"ty":"sh","ix":1,"ks":{"a":0,"k":{"i":[[0,0],[0,0]],"o":[[0,0],[0,0]],"v":[[1,0],[1,154]],"c":false},"ix":2},"nm":"Path 1","mn":"ADBE Vector Shape - Group","hd":false},{"ty":"st","c":{"a":0,"k":[0.937254961799,0.278431372549,0.435294147566,1],"ix":3},"o":{"a":0,"k":100,"ix":4},"w":{"a":0,"k":47,"ix":5},"lc":2,"lj":1,"ml":4,"bm":0,"nm":"Stroke 1","mn":"ADBE Vector Graphic - Stroke","hd":false},{"ty":"fl","c":{"a":0,"k":[0.027450980392,0.23137254902,0.298039215686,1],"ix":4},"o":{"a":0,"k":100,"ix":5},"r":1,"bm":0,"nm":"Fill 1","mn":"ADBE Vector Graphic - Fill","hd":false},{"ty":"tr","p":{"a":0,"k":[0,0],"ix":2},"a":{"a":0,"k":[0,0],"ix":1},"s":{"a":1,"k":[{"i":{"x":[0.35,0.35],"y":[1,1]},"o":{"x":[0.167,0.167],"y":[0.167,0]},"t":4,"s":[100,100]},{"i":{"x":[0.833,0.833],"y":[0.833,0.833]},"o":{"x":[0.65,0.65],"y":[0,0]},"t":10.5,"s":[110,100]},{"t":14,"s":[56,110],"h":1},{"i":{"x":[0.35,0.35],"y":[1,1]},"o":{"x":[0.167,0.167],"y":[0.167,0.167]},"t":142.64,"s":[75,110]},{"i":{"x":[0.833,0.833],"y":[0.833,1]},"o":{"x":[0.65,0.65],"y":[0,0]},"t":145.671,"s":[110,100]},{"t":151.7333984375,"s":[100,100]}],"ix":3},"r":{"a":0,"k":0,"ix":6},"o":{"a":0,"k":100,"ix":7},"sk":{"a":0,"k":0,"ix":4},"sa":{"a":0,"k":0,"ix":5},"nm":"Transform"}],"nm":"Shape 1","np":3,"cix":2,"bm":0,"ix":1,"mn":"ADBE Vector Group","hd":false},{"ty":"tm","s":{"a":1,"k":[{"i":{"x":[0.35],"y":[1]},"o":{"x":[0.167],"y":[0]},"t":4,"s":[90]},{"i":{"x":[0.667],"y":[1]},"o":{"x":[0.65],"y":[0]},"t":10.5,"s":[99]},{"t":17,"s":[0],"h":1},{"i":{"x":[0.35],"y":[1]},"o":{"x":[0.333],"y":[0]},"t":139.609,"s":[0]},{"i":{"x":[0.833],"y":[1]},"o":{"x":[0.65],"y":[0]},"t":145.671,"s":[99]},{"t":151.7333984375,"s":[90]}],"ix":1},"e":{"a":1,"k":[{"i":{"x":[0.35],"y":[1]},"o":{"x":[0.167],"y":[0]},"t":4,"s":[91]},{"i":{"x":[0.763],"y":[0.808]},"o":{"x":[0.627],"y":[0]},"t":10.5,"s":[100]},{"t":20,"s":[1],"h":1},{"i":{"x":[0.373],"y":[1]},"o":{"x":[0.237],"y":[0.222]},"t":137.335,"s":[1]},{"i":{"x":[0.833],"y":[1]},"o":{"x":[0.65],"y":[0]},"t":145.671,"s":[100]},{"t":151.7333984375,"s":[91]}],"ix":2},"o":{"a":0,"k":0,"ix":3},"m":1,"ix":2,"nm":"Trim Paths 1","mn":"ADBE Vector Filter - Trim","hd":false},{"ty":"gr","it":[{"d":1,"ty":"el","s":{"a":1,"k":[{"i":{"x":[0.833,0.833],"y":[0.833,0.833]},"o":{"x":[0.167,0.167],"y":[0.167,0.167]},"t":16,"s":[0,0]},{"i":{"x":[0.4,0.4],"y":[1,1]},"o":{"x":[0.167,0.167],"y":[0.167,0.167]},"t":18,"s":[22.5,22.5]},{"t":32,"s":[0,0]}],"ix":2},"p":{"a":1,"k":[{"i":{"x":0.4,"y":1},"o":{"x":0.167,"y":0.167},"t":18,"s":[29,0],"to":[0,0],"ti":[0,0]},{"t":32,"s":[81,92]}],"ix":3},"nm":"Ellipse Path 1","mn":"ADBE Vector Shape - Ellipse","hd":false},{"ty":"fl","c":{"a":0,"k":[0.937254965305,0.278431385756,0.435294151306,1],"ix":4},"o":{"a":0,"k":100,"ix":5},"r":1,"bm":0,"nm":"Fill 1","mn":"ADBE Vector Graphic - Fill","hd":false},{"ty":"tr","p":{"a":0,"k":[-14.5,17.25],"ix":2},"a":{"a":0,"k":[0,0],"ix":1},"s":{"a":0,"k":[100,100],"ix":3},"r":{"a":0,"k":0,"ix":6},"o":{"a":0,"k":100,"ix":7},"sk":{"a":0,"k":0,"ix":4},"sa":{"a":0,"k":0,"ix":5},"nm":"Transform"}],"nm":"Ellipse 3","np":2,"cix":2,"bm":0,"ix":3,"mn":"ADBE Vector Group","hd":false},{"ty":"gr","it":[{"d":1,"ty":"el","s":{"a":1,"k":[{"i":{"x":[0.833,0.833],"y":[0.833,0.833]},"o":{"x":[0.167,0.167],"y":[0.167,0.167]},"t":16,"s":[0,0]},{"i":{"x":[0.4,0.4],"y":[1,1]},"o":{"x":[0.167,0.167],"y":[0.167,0.167]},"t":18,"s":[22.5,22.5]},{"t":36,"s":[0,0]}],"ix":2},"p":{"a":1,"k":[{"i":{"x":0.4,"y":1},"o":{"x":0.167,"y":0.167},"t":18,"s":[29,0],"to":[0,0],"ti":[0,0]},{"t":36,"s":[44,82]}],"ix":3},"nm":"Ellipse Path 1","mn":"ADBE Vector Shape - Ellipse","hd":false},{"ty":"fl","c":{"a":0,"k":[0.937254965305,0.278431385756,0.435294151306,1],"ix":4},"o":{"a":0,"k":100,"ix":5},"r":1,"bm":0,"nm":"Fill 1","mn":"ADBE Vector Graphic - Fill","hd":false},{"ty":"tr","p":{"a":0,"k":[-14.5,17.25],"ix":2},"a":{"a":0,"k":[0,0],"ix":1},"s":{"a":0,"k":[100,100],"ix":3},"r":{"a":0,"k":0,"ix":6},"o":{"a":0,"k":100,"ix":7},"sk":{"a":0,"k":0,"ix":4},"sa":{"a":0,"k":0,"ix":5},"nm":"Transform"}],"nm":"Ellipse 2","np":2,"cix":2,"bm":0,"ix":4,"mn":"ADBE Vector Group","hd":false},{"ty":"gr","it":[{"d":1,"ty":"el","s":{"a":1,"k":[{"i":{"x":[0.833,0.833],"y":[0.833,0.833]},"o":{"x":[0.167,0.167],"y":[0.167,0.167]},"t":16,"s":[0,0]},{"i":{"x":[0.4,0.4],"y":[1,1]},"o":{"x":[0.167,0.167],"y":[0.167,0.167]},"t":18,"s":[14.5,14.5]},{"t":37,"s":[0,0]}],"ix":2},"p":{"a":1,"k":[{"i":{"x":0.4,"y":1},"o":{"x":0.167,"y":0.167},"t":18,"s":[0,0],"to":[0,0],"ti":[0,0]},{"t":37,"s":[-26,63]}],"ix":3},"nm":"Ellipse Path 1","mn":"ADBE Vector Shape - Ellipse","hd":false},{"ty":"st","c":{"a":0,"k":[0.937254965305,0.278431385756,0.435294151306,1],"ix":3},"o":{"a":0,"k":100,"ix":4},"w":{"a":0,"k":3,"ix":5},"lc":1,"lj":1,"ml":4,"bm":0,"nm":"Stroke 1","mn":"ADBE Vector Graphic - Stroke","hd":false},{"ty":"tr","p":{"a":0,"k":[-14.5,17.25],"ix":2},"a":{"a":0,"k":[0,0],"ix":1},"s":{"a":0,"k":[100,100],"ix":3},"r":{"a":0,"k":0,"ix":6},"o":{"a":0,"k":100,"ix":7},"sk":{"a":0,"k":0,"ix":4},"sa":{"a":0,"k":0,"ix":5},"nm":"Transform"}],"nm":"Ellipse 1","np":2,"cix":2,"bm":0,"ix":5,"mn":"ADBE Vector Group","hd":false}],"ip":-10,"op":113,"st":1,"bm":0}],"markers":[]}